variable,label,labelLong,section,subject,variableType,units,databaseStart,variableStart,description
ADL_01,Help preparing meals,Needs help - preparing meals,Health status,ADL,Categorical,N/A,"cchs2001_p, cchs2003_p, cchs2005_p, cchs2007_2008_p, cchs2009_2010_p, cchs2010_p, cchs2011_2012_p, cchs2012_p, cchs2013_2014_p, cchs2014_p","cchs2001_p::RACA_6A, cchs2003_p::RACC_6A, cchs2005_p::RACE_6A, cchs2007_2008_p::RAC_6A, [ADL_01]",
ADL_02,Help appointments/errands,Needs help - getting to appointments/errands,Health status,ADL,Categorical,N/A,"cchs2001_p, cchs2003_p, cchs2005_p, cchs2007_2008_p, cchs2009_2010_p, cchs2010_p, cchs2011_2012_p, cchs2012_p, cchs2013_2014_p, cchs2014_p","cchs2001_p::RACA_6B, cchs2003_p::RACC_6B1, cchs2005_p::RACE_6B1, cchs2007_2008_p::RAC_6B1, [ADL_02]",
ADL_03,Help housework,Needs help - doing housework,Health status,ADL,Categorical,N/A,"cchs2001_p, cchs2003_p, cchs2005_p, cchs2007_2008_p, cchs2009_2010_p, cchs2010_p, cchs2011_2012_p, cchs2012_p, cchs2013_2014_p, cchs2014_p","cchs2001_p::RACA_6C, cchs2003_p::RACC_6C, cchs2005_p::RACE_6C, cchs2007_2008_p::RAC_6C, [ADL_03]",
ADL_04,Help personal care,Needs help - personal care,Health status,ADL,Categorical,N/A,"cchs2001_p, cchs2003_p, cchs2005_p, cchs2007_2008_p, cchs2009_2010_p, cchs2010_p, cchs2011_2012_p, cchs2012_p, cchs2013_2014_p, cchs2014_p","cchs2001_p::RACA_6E, cchs2003_p::RACC_6E, cchs2005_p::RACE_6E, cchs2007_2008_p::RAC_6E, [ADL_04]",
ADL_05,Help move inside house,Needs help - moving about inside house,Health status,ADL,Categorical,N/A,"cchs2001_p, cchs2003_p, cchs2005_p, cchs2007_2008_p, cchs2009_2010_p, cchs2010_p, cchs2011_2012_p, cchs2012_p, cchs2013_2014_p, cchs2014_p","cchs2001_p::RACA_6F, cchs2003_p::RACC_6F, cchs2005_p::RACE_6F, cchs2007_2008_p::RAC_6F, [ADL_05]",
ADL_06,Help personal finances,Needs help - looking after finances,Health status,ADL,Categorical,N/A,"cchs2003_p, cchs2005_p, cchs2007_2008_p, cchs2009_2010_p, cchs2010_p, cchs2011_2012_p, cchs2012_p, cchs2013_2014_p, cchs2014_p","cchs2003_p::RACC_6G, cchs2005_p::RACE_6G, cchs2007_2008_p::RAC_6G, [ADL_06]",
ADL_07,Help heavy household chores,Needs help - heavy household chores,Health status,ADL,Categorical,N/A,"cchs2001_p, cchs2003_p, cchs2005_p","cchs2001_p::RACA_6D, cchs2003_p::RACC_6D, cchs2005_p::RACE_6D",
ADL_der,Derived help tasks,Derived needs help with tasks,Health status,ADL,Categorical,N/A,"cchs2001_p, cchs2003_p, cchs2005_p, cchs2007_2008_p, cchs2009_2010_p, cchs2010_p, cchs2011_2012_p, cchs2012_p, cchs2013_2014_p, cchs2014_p","DerivedVar::[ADL_01, ADL_02, ADL_03, ADL_04, ADL_05]",
ADL_score_5,ADL score ,"Derived using the ADL variables common to all cycles from 2001 to 2014 (ADL_01,  ADL_02,  ADL_03,  ADL_04, ADL_05) to represent the number of tasks that an individual needs help with.",Health status,ADL,Categorical,N/A,"cchs2001_p, cchs2003_p, cchs2005_p, cchs2007_2008_p, cchs2009_2010_p, cchs2010_p, cchs2011_2012_p, cchs2012_p, cchs2013_2014_p, cchs2014_p","DerivedVar::[ADL_01, ADL_02, ADL_03, ADL_04, ADL_05]",
ADLF6R,Help tasks,Needs help with at least one task - (F),Health status,ADL,Categorical,N/A,"cchs2001_p, cchs2003_p, cchs2005_p, cchs2007_2008_p, cchs2009_2010_p, cchs2010_p, cchs2011_2012_p, cchs2012_p, cchs2013_2014_p, cchs2014_p","cchs2001_p::RACAF6, cchs2003_p::RACCF6R, cchs2005_p::RACEF6R, cchs2007_2008_p::RACF6R, [ADLF6R]",
ADM_RNO,Sequential record number,Sequential record number,N/A,N/A,Continuous,N/A,"cchs2001_p, cchs2003_p, cchs2005_p, cchs2007_2008_p, cchs2009_2010_p, cchs2010_p, cchs2011_2012_p, cchs2012_p, cchs2013_2014_p, cchs2014_p","cchs2001_p::ADMA_RNO, cchs2003_p::ADMC_RNO, cchs2005_p::ADME_RNO, [ADM_RNO]",
ALC_1,Alcohol past year,"Past year, have you drank alcohol",Health behaviour,Alcohol,Categorical,N/A,"cchs2001_p, cchs2003_p, cchs2005_p, cchs2007_2008_p, cchs2009_2010_p, cchs2010_p, cchs2011_2012_p, cchs2012_p, cchs2013_2014_p, cchs2014_p, cchs2015_2016_p, cchs2017_2018_p","cchs2001_p::ALCA_1, cchs2003_p::ALCC_1, cchs2005_p::ALCE_1, cchs2015_2016_p::ALC_010, cchs2017_2018_p::ALC_010, [ALC_1]",
ALCDTTM,Drinker type (last 12 months),Type of drinker (12 months),Health behaviour,Alcohol,Categorical,N/A,"cchs2001_p, cchs2003_p, cchs2005_p, cchs2007_2008_p, cchs2009_2010_p, cchs2010_p, cchs2011_2012_p, cchs2012_p, cchs2013_2014_p, cchs2014_p, cchs2015_2016_p, cchs2017_2018_p","cchs2001_p::ALCADTYP, cchs2003_p::ALCCDTYP, cchs2005_p::ALCEDTYP, cchs2015_2016_p::ALCDVTTM, cchs2017_2018_p::ALCDVTTM, [ALCDTTM]",
ALCDTYP,Drinker type,Type of drinker - (D),Health behaviour,Alcohol,Categorical,N/A,"cchs2001_p, cchs2003_p, cchs2005_p, cchs2007_2008_p","cchs2001_p::ALCADTYP, cchs2003_p::ALCCDTYP, cchs2005_p::ALCEDTYP, [ALNDTYP]",
ALW_1,Any alcohol past week,"Past week, had any alcohol",Health behaviour,Alcohol,Categorical,N/A,"cchs2001_p, cchs2003_p, cchs2005_p, cchs2007_2008_p, cchs2009_2010_p, cchs2010_p, cchs2011_2012_p, cchs2012_p, cchs2013_2014_p, cchs2014_p, cchs2015_2016_p, cchs2017_2018_p","cchs2001_p::ALCA_5, cchs2003_p::ALCC_5, cchs2005_p::ALCE_5, cchs2015_2016_p::ALW_005, cchs2017_2018_p::ALW_005, [ALW_1]",
ALW_2A1,# of drinks - Sunday,Number of drinks on Sunday,Health behaviour,Alcohol,Continuous,drinks,"cchs2001_p, cchs2003_p, cchs2005_p, cchs2007_2008_p, cchs2009_2010_p, cchs2010_p, cchs2011_2012_p, cchs2012_p, cchs2013_2014_p, cchs2014_p, cchs2015_2016_p, cchs2017_2018_p","cchs2001_p::ALCA_5A1, cchs2003_p::ALCC_5A1, cchs2005_p::ALCE_5A1, cchs2015_2016_p::ALW_010, cchs2017_2018_p::ALW_010, [ALW_2A1]",
ALW_2A2,# of drinks - Monday,Number of drinks on Monday,Health behaviour,Alcohol,Continuous,drinks,"cchs2001_p, cchs2003_p, cchs2005_p, cchs2007_2008_p, cchs2009_2010_p, cchs2010_p, cchs2011_2012_p, cchs2012_p, cchs2013_2014_p, cchs2014_p, cchs2015_2016_p, cchs2017_2018_p","cchs2001_p::ALCA_5A2, cchs2003_p::ALCC_5A2, cchs2005_p::ALCE_5A2, cchs2015_2016_p::ALW_015, cchs2017_2018_p::ALW_015, [ALW_2A2]",
ALW_2A3,# of drinks - Tuesday,Number of drinks on Tuesday,Health behaviour,Alcohol,Continuous,drinks,"cchs2001_p, cchs2003_p, cchs2005_p, cchs2007_2008_p, cchs2009_2010_p, cchs2010_p, cchs2011_2012_p, cchs2012_p, cchs2013_2014_p, cchs2014_p, cchs2015_2016_p, cchs2017_2018_p","cchs2001_p::ALCA_5A3, cchs2003_p::ALCC_5A3, cchs2005_p::ALCE_5A3, cchs2015_2016_p::ALW_020, cchs2017_2018_p::ALW_020, [ALW_2A3]",
ALW_2A4,# of drinks - Wednesday,Number of drinks on Wednesday,Health behaviour,Alcohol,Continuous,drinks,"cchs2001_p, cchs2003_p, cchs2005_p, cchs2007_2008_p, cchs2009_2010_p, cchs2010_p, cchs2011_2012_p, cchs2012_p, cchs2013_2014_p, cchs2014_p, cchs2015_2016_p, cchs2017_2018_p","cchs2001_p::ALCA_5A4, cchs2003_p::ALCC_5A4, cchs2005_p::ALCE_5A4, cchs2015_2016_p::ALW_025, cchs2017_2018_p::ALW_025, [ALW_2A4]",
ALW_2A5,# of drinks - Thursday,Number of drinks on Thursday,Health behaviour,Alcohol,Continuous,drinks,"cchs2001_p, cchs2003_p, cchs2005_p, cchs2007_2008_p, cchs2009_2010_p, cchs2010_p, cchs2011_2012_p, cchs2012_p, cchs2013_2014_p, cchs2014_p, cchs2015_2016_p, cchs2017_2018_p","cchs2001_p::ALCA_5A5, cchs2003_p::ALCC_5A5, cchs2005_p::ALCE_5A5, cchs2015_2016_p::ALW_030, cchs2017_2018_p::ALW_030, [ALW_2A5]",
ALW_2A6,# of drinks - Friday,Number of drinks on Friday,Health behaviour,Alcohol,Continuous,drinks,"cchs2001_p, cchs2003_p, cchs2005_p, cchs2007_2008_p, cchs2009_2010_p, cchs2010_p, cchs2011_2012_p, cchs2012_p, cchs2013_2014_p, cchs2014_p, cchs2015_2016_p, cchs2017_2018_p","cchs2001_p::ALCA_5A6, cchs2003_p::ALCC_5A6, cchs2005_p::ALCE_5A6, cchs2015_2016_p::ALW_035, cchs2017_2018_p::ALW_035, [ALW_2A6]",
ALW_2A7,# of drinks - Saturday,Number of drinks on Saturday,Health behaviour,Alcohol,Continuous,drinks,"cchs2001_p, cchs2003_p, cchs2005_p, cchs2007_2008_p, cchs2009_2010_p, cchs2010_p, cchs2011_2012_p, cchs2012_p, cchs2013_2014_p, cchs2014_p, cchs2015_2016_p, cchs2017_2018_p","cchs2001_p::ALCA_5A7, cchs2003_p::ALCC_5A7, cchs2005_p::ALCE_5A7, cchs2015_2016_p::ALW_040, cchs2017_2018_p::ALW_040, [ALW_2A7]",
ALWDDLY,Average daily consumption,Average daily alcohol consumption,Health behaviour,Alcohol,Continuous,drinks/day,"cchs2001_p, cchs2003_p, cchs2005_p, cchs2007_2008_p, cchs2009_2010_p, cchs2010_p, cchs2011_2012_p, cchs2012_p, cchs2013_2014_p, cchs2014_p, cchs2015_2016_p, cchs2017_2018_p","cchs2001_p::ALCADDLY , cchs2003_p::ALCCDDLY , cchs2005_p::ALCEDDLY, cchs2015_2016_p::ALWDVDLY, cchs2017_2018_p::ALWDVDLY, [ALWDDLY]",
ALWDWKY,Drinks last week,Weekly consumption of alcohol,Health behaviour,Alcohol,Continuous,drinks/week,"cchs2001_p, cchs2003_p, cchs2005_p, cchs2007_2008_p, cchs2009_2010_p, cchs2010_p, cchs2011_2012_p, cchs2012_p, cchs2013_2014_p, cchs2014_p, cchs2015_2016_p, cchs2017_2018_p","cchs2001_p::ALCADWKY, cchs2003_p::ALCCDWKY, cchs2005_p::ALCEDWKY, cchs2015_2016_p::ALWDVWKY, cchs2017_2018_p::ALWDVWKY, [ALWDWKY]",
binge_drinker,Binge Drinker,Binge Drinker,Health behaviour,Alcohol,Categorical,N/A,"cchs2001_p, cchs2003_p, cchs2005_p, cchs2007_2008_p, cchs2009_2010_p, cchs2010_p, cchs2011_2012_p, cchs2012_p, cchs2013_2014_p, cchs2014_p","DerivedVar::[DHH_SEX, ALW_1, ALW_2A1, ALW_2A2, ALW_2A3, ALW_2A4, ALW_2A5, ALW_2A6, ALW_2A7]",
CCC_031,Asthma,Do you have asthma?,Health status,Chronic condition,Categorical,N/A,"cchs2001_p, cchs2003_p, cchs2005_p, cchs2007_2008_p, cchs2009_2010_p, cchs2010_p, cchs2011_2012_p, cchs2012_p, cchs2013_2014_p, cchs2014_p, cchs2015_2016_p, cchs2017_2018_p","cchs2001_p::CCCA_031, cchs2003_p::CCCC_031, cchs2005_p::CCCE_031, cchs2015_2016_p::CCC_015, cchs2017_2018_p::CCC_015, [CCC_031]",
CCC_041,Fibromyalgia,Do you have Fibromyalgia?,Health status,Chronic condition,Categorical,N/A,"cchs2001_p, cchs2003_p, cchs2005_p, cchs2014_p, cchs2015_2016_p, cchs2017_2018_p","cchs2001_p::CCCA_041, cchs2003_p::CCCC_041, cchs2005_p::CCCE_041, cchs2015_2016_p::CCC_045, cchs2017_2018_p::CCC_045, [CCC_041]",
CCC_051,Arthritis/Rheumatism,Do you have arthritis or rheumatism?,Health status,Chronic condition,Categorical,N/A,"cchs2001_p, cchs2003_p, cchs2005_p, cchs2007_2008_p, cchs2009_2010_p, cchs2010_p, cchs2011_2012_p, cchs2012_p, cchs2013_2014_p, cchs2014_p, cchs2015_2016_p, cchs2017_2018_p","cchs2001_p::CCCA_051, cchs2003_p::CCCC_051, cchs2005_p::CCCE_051, cchs2015_2016_p::CCC_050, cchs2017_2018_p::CCC_050, [CCC_051]",
CCC_061,Back problems,Do you have back problems?,Health status,Chronic condition,Categorical,N/A,"cchs2001_p, cchs2003_p, cchs2005_p, cchs2007_2008_p, cchs2009_2010_p, cchs2010_p, cchs2011_2012_p, cchs2012_p, cchs2013_2014_p, cchs2014_p, cchs2015_2016_p, cchs2017_2018_p","cchs2001_p::CCCA_061, cchs2003_p::CCCC_061, cchs2005_p::CCCE_061, cchs2015_2016_p::CCC_055, cchs2017_2018_p::CCC_055, [CCC_061]",
CCC_071,Hypertension,Do you have high blood pressure?,Health status,Chronic condition,Categorical,N/A,"cchs2001_p, cchs2003_p, cchs2005_p, cchs2007_2008_p, cchs2009_2010_p, cchs2010_p, cchs2011_2012_p, cchs2012_p, cchs2013_2014_p, cchs2014_p, cchs2015_2016_p, cchs2017_2018_p","cchs2001_p::CCCA_071, cchs2003_p::CCCC_071, cchs2005_p::CCCE_071, cchs2015_2016_p::CCC_065, cchs2017_2018_p::CCC_065, [CCC_071]",
CCC_072,Hypertension diagnosis,Have you ever been diagnosed with high blood pressure?,Health status,Chronic condition,Categorical,N/A,"cchs2005_p, cchs2007_2008_p, cchs2009_2010_p, cchs2010_p, cchs2011_2012_p, cchs2012_p, cchs2013_2014_p, cchs2014_p","cchs2005_p::CCCE_072, [CCC_072]",
CCC_073,Hypertension medication,In the past month have you taken any medicine for high blood pressure?,Health status,Chronic condition,Categorical,N/A,"cchs2005_p, cchs2007_2008_p, cchs2009_2010_p, cchs2010_p, cchs2011_2012_p, cchs2012_p, cchs2013_2014_p, cchs2014_p, cchs2015_2016_p, cchs2017_2018_p","cchs2005_p::CCCE_073, cchs2015_2016_p::CCC_070, cchs2017_2018_p::CCC_070, [CCC_073]",
CCC_081,Migraine Headache,Do you have migraine headaches?,Health status,Chronic condition,Categorical,N/A,"cchs2001_p, cchs2003_p, cchs2005_p, cchs2007_2008_p, cchs2009_2010_p, cchs2010_p, cchs2011_2012_p, cchs2012_p, cchs2013_2014_p, cchs2014_p, cchs2015_2016_p, cchs2017_2018_p","cchs2001_p::CCCA_081, cchs2003_p::CCCC_081, cchs2005_p::CCCE_081, cchs2015_2016_p::CCC_140, cchs2017_2018_p::CCC_140, [CCC_081]",
CCC_091,COPD/Emphysema/Bronchitis,"Do you have COPD (eg bronchitis, emphysema)?",Health status,Chronic condition,Categorical,N/A,"cchs2001_p, cchs2003_p, cchs2009_2010_p, cchs2010_p, cchs2011_2012_p, cchs2012_p, cchs2013_2014_p, cchs2014_p, cchs2015_2016_p, cchs2017_2018_p","cchs2001_p::CCCA_91B, cchs2003_p::CCCC_91B, cchs2015_2016_p::CCC_030, cchs2017_2018_p::CCC_030, [CCC_091]",
CCC_101,Diabetes,Do you have diabetes?,Health status,Chronic condition,Categorical,N/A,"cchs2001_p, cchs2003_p, cchs2005_p, cchs2007_2008_p, cchs2009_2010_p, cchs2010_p, cchs2011_2012_p, cchs2012_p, cchs2013_2014_p, cchs2014_p, cchs2015_2016_p, cchs2017_2018_p","cchs2001_p::CCCA_101, cchs2003_p::CCCC_101, cchs2005_p::CCCE_101, cchs2015_2016_p::CCC_095, cchs2017_2018_p::CCC_095, [CCC_101]",
CCC_111,Epilepsy,Do you have epilepsy?,Health status,Chronic condition,Categorical,N/A,"cchs2001_p, cchs2003_p, cchs2005_p","cchs2001_p::CCCA_111, cchs2003_p::CCCC_111, cchs2005_p::CCCE_111",
CCC_121,Heart Disease,Do you have heart disease?,Health status,Chronic condition,Categorical,N/A,"cchs2001_p, cchs2003_p, cchs2005_p, cchs2007_2008_p, cchs2009_2010_p, cchs2010_p, cchs2011_2012_p, cchs2012_p, cchs2013_2014_p, cchs2014_p, cchs2015_2016_p, cchs2017_2018_p","cchs2001_p::CCCA_121, cchs2003_p::CCCC_121, cchs2005_p::CCCE_121, cchs2015_2016_p::CCC_085, cchs2017_2018_p::CCC_085, [CCC_121]",
CCC_131,Active Cancer,Do you have cancer?,Health status,Chronic condition,Categorical,N/A,"cchs2001_p, cchs2003_p, cchs2005_p, cchs2007_2008_p, cchs2009_2010_p, cchs2010_p, cchs2011_2012_p, cchs2012_p, cchs2013_2014_p, cchs2014_p, cchs2015_2016_p, cchs2017_2018_p","cchs2001_p::CCCA_131, cchs2003_p::CCCC_131, cchs2005_p::CCCE_131, cchs2015_2016_p::CCC_130, cchs2017_2018_p::CCC_130, [CCC_131]",
CCC_151,Stroke,Do you suffer from effects of stroke?,Health status,Chronic condition,Categorical,N/A,"cchs2001_p, cchs2003_p, cchs2005_p, cchs2007_2008_p, cchs2009_2010_p, cchs2010_p, cchs2011_2012_p, cchs2012_p, cchs2013_2014_p, cchs2014_p, cchs2015_2016_p, cchs2017_2018_p","cchs2001_p::CCCA_151, cchs2003_p::CCCC_151, cchs2005_p::CCCE_151, cchs2015_2016_p::CCC_090, cchs2017_2018_p::CCC_090, [CCC_151]",
CCC_171,Bowel disorder,Do you have a bowel disorder such as Crohn's disease or colitis?,Health status,Chronic condition,Categorical,N/A,"cchs2001_p, cchs2003_p, cchs2005_p, cchs2007_2008_p, cchs2009_2010_p, cchs2010_p, cchs2011_2012_p, cchs2012_p, cchs2013_2014_p, cchs2014_p","cchs2001_p::CCCA_171, cchs2003_p::CCCC_171, cchs2005_p::CCCE_171, [CCC_171]",
CCC_251,Chronic fatigue,Do you have chronic fatigue syndrome?,Health status,Chronic condition,Categorical,N/A,"cchs2001_p, cchs2003_p, cchs2005_p, cchs2010_p, cchs2014_p","cchs2001_p::CCCA_251, cchs2003_p::CCCC_251, cchs2005_p::CCCE_251, [CCC_251]",
CCC_280,Mood disorder,Do you have a mood disorder?,Health status,Chronic condition,Categorical,N/A,"cchs2003_p, cchs2005_p, cchs2007_2008_p, cchs2009_2010_p, cchs2010_p, cchs2011_2012_p, cchs2012_p, cchs2013_2014_p, cchs2014_p, cchs2015_2016_p, cchs2017_2018_p","cchs2003_p::CCCC_280, cchs2005_p::CCCE_280, cchs2015_2016_p::CCC_195, cchs2017_2018_p::CCC_195, [CCC_280]",
CCC_290,Anxiety Disorder,Do you have an anxiety disorder?,Health status,Chronic condition,Categorical,N/A,"cchs2003_p, cchs2005_p, cchs2007_2008_p, cchs2009_2010_p, cchs2010_p, cchs2011_2012_p, cchs2012_p, cchs2013_2014_p, cchs2014_p, cchs2015_2016_p, cchs2017_2018_p","cchs2003_p::CCCC_290, cchs2005_p::CCCE_290, cchs2015_2016_p::CCC_200, cchs2017_2018_p::CCC_200, [CCC_290]",
CCC_31A,Cancer diagnosis,Have you ever been diagnosed with cancer?,Health status,Chronic condition,Categorical,N/A,"cchs2005_p, cchs2007_2008_p, cchs2009_2010_p, cchs2010_p, cchs2011_2012_p, cchs2012_p, cchs2013_2014_p, cchs2014_p, cchs2015_2016_p, cchs2017_2018_p","cchs2005_p::CCCE_31A, cchs2015_2016_p::CCC_135, cchs2017_2018_p::CCC_135, [CCC_31A]",
CCC_91A,Bronchitis,Do you have chronic bronchitis?,Health status,Chronic condition,Categorical,N/A,"cchs2001_p, cchs2003_p, cchs2005_p, cchs2007_2008_p","cchs2001_p::CCCA_91A, cchs2003_p::CCCC_91A, cchs2005_p::CCCE_91A, [CCC_91A]",
CCC_91E,Emphysema,Do you have emphysema?,Health status,Chronic condition,Categorical,N/A,"cchs2005_p, cchs2007_2008_p","cchs2005_p::CCCE_91E, cchs2007_2008_p::CCC_91E",
CCC_91F,COPD,Do you have COPD?,Health status,Chronic condition,Categorical,N/A,"cchs2005_p, cchs2007_2008_p","cchs2005_p::CCCE_91F, cchs2007_2008_p::CCC_91F",
COPD_Emph_der,COPD/Emphysema,COPD/Emphysema,Health status,Chronic condition,Categorical,N/A,"cchs2001_p, cchs2003_p, cchs2005_p, cchs2007_2008_p, cchs2009_2010_p, cchs2010_p, cchs2011_2012_p, cchs2012_p, cchs2013_2014_p, cchs2014_p","DerivedVar::[DHHGAGE_cont, CCC_91E, CCC_91F], DerivedVar::[DHHGAGE_cont, CCC_091]",
DHH_OWN,Home ownership,Dwelling - owned by a member of hsld,Sociodemographics,Home ownership,Categorical,N/A,"cchs2001_p, cchs2003_p, cchs2005_p, cchs2007_2008_p, cchs2009_2010_p, cchs2010_p, cchs2011_2012_p, cchs2012_p, cchs2013_2014_p, cchs2014_p, cchs2015_2016_p, cchs2017_2018_p","cchs2001_p::DHHA_OWN, cchs2003_p::DHHC_OWN, cchs2005_p::DHHE_OWN, [DHH_OWN]",
DHH_SEX,Sex,Sex,Demographics,Sex,Categorical,N/A,"cchs2001_p, cchs2003_p, cchs2005_p, cchs2007_2008_p, cchs2009_2010_p, cchs2010_p, cchs2011_2012_p, cchs2012_p, cchs2013_2014_p, cchs2014_p, cchs2015_2016_p, cchs2017_2018_p","cchs2001_p::DHHA_SEX, cchs2003_p::DHHC_SEX, cchs2005_p::DHHE_SEX, [DHH_SEX]",
DHHGAGE_5,Age,Age (20-year age groups),Demographics,Age,Categorical,N/A,"cchs2001_p, cchs2003_p, cchs2005_p, cchs2007_2008_p, cchs2009_2010_p, cchs2010_p, cchs2011_2012_p, cchs2012_p, cchs2013_2014_p, cchs2014_p, cchs2015_2016_p, cchs2017_2018_p","cchs2001_p::DHHAGAGE, cchs2003_p::DHHCGAGE, cchs2005_p::DHHEGAGE, [DHHGAGE]","5 age groups: <20, 20 to 39, 40 to 59, 60 to 79, 80+ years"
DHHGAGE_A,Age,Age,Demographics,Age,Categorical,Years,"cchs2001_p, cchs2003_p","cchs2001_p::DHHAGAGE, cchs2003_p::DHHCGAGE",
DHHGAGE_B,Age,Age,Demographics,Age,Categorical,Years,"cchs2005_p, cchs2007_2008_p, cchs2009_2010_p, cchs2010_p, cchs2011_2012_p, cchs2012_p, cchs2013_2014_p, cchs2014_p, cchs2015_2016_p, cchs2017_2018_p","cchs2005_p::DHHEGAGE, [DHHGAGE]",
DHHGAGE_C,Age,Categorical age,Demographics,Age,Categorical,N/A,"cchs2001_p, cchs2003_p, cchs2005_p, cchs2007_2008_p, cchs2009_2010_p, cchs2010_p, cchs2011_2012_p, cchs2012_p, cchs2013_2014_p, cchs2014_p, cchs2015_2016_p, cchs2017_2018_p",DerivedVar::[DHHGAGE_cont],Derived categorical age variable using DHHGAGE_cont
DHHGAGE_cont,Age,Converted categorical age,Demographics,Age,Continuous,Years,"cchs2001_p, cchs2003_p, cchs2005_p, cchs2007_2008_p, cchs2009_2010_p, cchs2010_p, cchs2011_2012_p, cchs2012_p, cchs2013_2014_p, cchs2014_p, cchs2015_2016_p, cchs2017_2018_p","cchs2001_p::DHHAGAGE, cchs2003_p::DHHCGAGE, cchs2005_p::DHHEGAGE, [DHHGAGE]",Continuous age variable
DHHGAGE_D,Age,Age (10-year age groups),Demographics,Age,Categorical,N/A,"cchs2001_p, cchs2003_p, cchs2005_p, cchs2007_2008_p, cchs2009_2010_p, cchs2010_p, cchs2011_2012_p, cchs2012_p, cchs2013_2014_p, cchs2014_p, cchs2015_2016_p, cchs2017_2018_p","cchs2001_p::DHHAGAGE, cchs2003_p::DHHCGAGE, cchs2005_p::DHHEGAGE, [DHHGAGE]","8 age groups: 12 to 19,  20 to 29, 30 to 39, 40 to 49, 50 to 59, 60 to 69, 70 to 79, 80+ years"
DHHGHSZ,Household size,Household size,Sociodemographics,Household Characteristics,Categorical,N/A,"cchs2003_p, cchs2005_p, cchs2007_2008_p, cchs2009_2010_p, cchs2010_p, cchs2011_2012_p, cchs2012_p, cchs2013_2014_p, cchs2014_p, cchs2015_2016_p, cchs2017_2018_p","cchs2003_p::DHHCGHSZ, cchs2005_p::DHHEGHSZ, cchs2015_2016_p::DHHDGHSZ, cchs2017_2018_p::DHHDGHSZ, [DHHGHSZ]",
DHHGMS,Marital status,Marital status - (G),Sociodemographics,Marital Status,Categorical,N/A,"cchs2001_p, cchs2003_p, cchs2005_p, cchs2007_2008_p, cchs2009_2010_p, cchs2010_p, cchs2011_2012_p, cchs2012_p, cchs2013_2014_p, cchs2014_p, cchs2015_2016_p, cchs2017_2018_p","cchs2001_p::DHHAGMS, cchs2003_p::DHHCGMS, cchs2005_p::DHHEGMS, [DHHGMS]",
diet_score,Diet score ,"Diet score (0 to 10) based on daily consumption of fruit, vegetables and fruit juice",Health behaviour,Diet,Continuous,N/A,"cchs2001_p, cchs2003_p, cchs2005_p, cchs2007_2008_p, cchs2009_2010_p, cchs2010_p, cchs2011_2012_p, cchs2012_p, cchs2013_2014_p, cchs2014_p","DerivedVar::[FVCDFRU, FVCDSAL, FVCDPOT, SFVCDCAR, FVCDVEG, FVCDJUI, DHH_SEX]","A derived diet variable based on daily consumption of ""fruit, salad, potatoes, carrots, other vegetables, and juice"". Two baseline points plus summation of total points for diet attributes with penalty for high potato intake, no carrot intake and high juice consumption (negative overall scores are recoded to 0, resulting in a range from 0 to 10)."
DIS_10G,Frequency - distress: felt sad / depressed - past month,"(During the past month, about how often did you feel) sad or depressed?",Health status,Chronic condition,Categorical,N/A,"cchs2005_p, cchs2007_2008_p, cchs2009_2010_p, cchs2010_p, cchs2011_2012_p, cchs2012_p, cchs2013_2014_p, cchs2014_p","cchs2005_p::DISE_10G, [DIS_10G]",
DIS_10H,Frequency - distress: depressed/nothing cheers - past month,"(During the past month, about how often did you feel) so depressed that nothing could cheer you up?",Health status,Chronic condition,Categorical,N/A,"cchs2005_p, cchs2007_2008_p, cchs2009_2010_p, cchs2010_p, cchs2011_2012_p, cchs2012_p, cchs2013_2014_p, cchs2014_p","cchs2005_p::DISE_10H, [DIS_10H]",
DPS_02,Felt sad/blue/depressed - 2 weeks or more - 12 mo,"During the past 12 months, was there ever a time when you felt sad, blue, or depressed for 2 weeks or more in a row?",Health status,Chronic condition,Categorical,N/A,"cchs2007_2008_p, cchs2009_2010_p, cchs2010_p, cchs2011_2012_p, cchs2012_p",[DPS_02],
DPS_03,Sad/depressed - length feelings lasted - 2 wk,"Think of the 2-week period during the past 12 months when these feelings were the worst. During that time, how long did these feelings usually last: (all day long, most of the day, about half of the day, or less than half of a day)?",Health status,Chronic condition,Categorical,N/A,"cchs2007_2008_p, cchs2009_2010_p, cchs2010_p, cchs2011_2012_p, cchs2012_p",[DPS_03],
DPS_04,Sad/depressed - frequency - 2 wk,"How often did you feel this way during those 2 weeks: (every day, almost every day, or less often)?",Health status,Chronic condition,Categorical,N/A,"cchs2007_2008_p, cchs2009_2010_p, cchs2010_p, cchs2011_2012_p, cchs2012_p",[DPS_04],
DPS_05,Sad/depressed - lose interest in things - 2 wk,During those 2 weeks did you lose interest in most things?,Health status,Chronic condition,Categorical,N/A,"cchs2007_2008_p, cchs2009_2010_p, cchs2010_p, cchs2011_2012_p, cchs2012_p",[DPS_05],
DPS_06,Sad/depressed - felt tired out / low on energy - 2 wk,Did you feel tired out or low on energy all of the time?,Health status,Chronic condition,Categorical,N/A,"cchs2007_2008_p, cchs2009_2010_p, cchs2010_p, cchs2011_2012_p, cchs2012_p",[DPS_06],
DPS_07,Sad/depressed - weight change - 2 wk,"Did you gain weight, lose weight or stay about the same?",Health status,Chronic condition,Categorical,N/A,"cchs2007_2008_p, cchs2009_2010_p, cchs2010_p, cchs2011_2012_p, cchs2012_p",[DPS_07],
DPS_08A,Sad/depressed - weight change (amount) - 2 wk,About how much did you gain/lose?,Health status,Chronic condition,Continuous,N/A,"cchs2007_2008_p, cchs2009_2010_p, cchs2010_p, cchs2011_2012_p, cchs2012_p",[DPS_08A],
DPS_08B,Sad/depressed - weight change (lb/kg) - 2 wk,Interviewer: Was that in pounds or in kilograms?,Health status,Chronic condition,Categorical,N/A,"cchs2007_2008_p, cchs2009_2010_p, cchs2010_p, cchs2011_2012_p, cchs2012_p",[DPS_08B],
DPS_09,Sad/depressed - trouble falling asleep - 2 wk,Did you have more trouble falling asleep than you usually do?,Health status,Chronic condition,Categorical,N/A,"cchs2007_2008_p, cchs2009_2010_p, cchs2010_p, cchs2011_2012_p, cchs2012_p",[DPS_09],
DPS_10,Sad/depressed trouble falling asleep - frequency - 2 wk,"How often did that happen: (every night, nearly every night, or less often)?",Health status,Chronic condition,Categorical,N/A,"cchs2007_2008_p, cchs2009_2010_p, cchs2010_p, cchs2011_2012_p, cchs2012_p",[DPS_10],
DPS_11,Sad/depressed - trouble concentrating - 2 wk,Did you have a lot more trouble concentrating than usual?,Health status,Chronic condition,Categorical,N/A,"cchs2007_2008_p, cchs2009_2010_p, cchs2010_p, cchs2011_2012_p, cchs2012_p",[DPS_11],
DPS_12,Sad/depressed - felt down on self - 2 wk,"At these times, people sometimes feel down on themselves, no good or worthless. Did you feel this way?",Health status,Chronic condition,Categorical,N/A,"cchs2007_2008_p, cchs2009_2010_p, cchs2010_p, cchs2011_2012_p, cchs2012_p",[DPS_12],
DPS_13,Sad/depressed - thought a lot about death - 2 wk,"Did you think a lot about death - either your own, someone elses, or death in general?",Health status,Chronic condition,Categorical,N/A,"cchs2007_2008_p, cchs2009_2010_p, cchs2010_p, cchs2011_2012_p, cchs2012_p",[DPS_13],
DPS_14,Sad/depressed - number of weeks - 12 mo,About how many weeks altogether did you feel this way during the past 12 months?,Health status,Chronic condition,Continuous,weeks,"cchs2007_2008_p, cchs2009_2010_p, cchs2010_p, cchs2011_2012_p, cchs2012_p",[DPS_14],
DPSDMT,Specific month when felt depressed,Specific month felt depressed - 2 weeks in a row - (D),Health status,Chronic condition,Categorical,N/A,"cchs2001_p, cchs2003_p, cchs2005_p, cchs2007_2008_p, cchs2009_2010_p, cchs2010_p, cchs2011_2012_p, cchs2012_p, cchs2013_2014_p, cchs2014_p","cchs2001_p::DPSADMT, cchs2003_p::DPSCDMT, cchs2005_p::DPSEDMT, [DPSDMT]",
DPSDPP,Depression Scale - Predicted Probability,Depression Scale - Predicted Probability,Health status,Chronic condition,Continuous,N/A,"cchs2001_p, cchs2003_p, cchs2005_p, cchs2007_2008_p, cchs2009_2010_p, cchs2010_p, cchs2011_2012_p, cchs2012_p, cchs2013_2014_p, cchs2014_p","cchs2001_p::DPSADPP, cchs2003_p::DPSCDPP, cchs2005_p::DPSEDPP, [DPSDPP]",
DPSDSF,Depression Scale - Short Form Score,Depression Scale - Short Form Score,Health status,Chronic condition,Continuous,N/A,"cchs2001_p, cchs2003_p, cchs2005_p, cchs2007_2008_p, cchs2009_2010_p, cchs2010_p, cchs2011_2012_p, cchs2012_p, cchs2013_2014_p, cchs2014_p","cchs2001_p::DPSADSF, cchs2003_p::DPSCDSF, cchs2005_p::DPSEDSF, [DPSDSF]",
DPSDWK,Number of weeks felt depressed - (D),Number of weeks felt depressed - (D),Health status,Chronic condition,Continuous,weeks,"cchs2001_p, cchs2003_p, cchs2005_p, cchs2007_2008_p, cchs2009_2010_p, cchs2010_p, cchs2011_2012_p, cchs2012_p, cchs2013_2014_p, cchs2014_p","cchs2001_p::DPSADWK, cchs2003_p::DPSCDWK, cchs2005_p::DPSEDWK, [DPSDWK]",
EDUDR04,Highest education,Highest level/education,Sociodemographics,Education,Categorical,N/A,"cchs2001_p, cchs2003_p, cchs2005_p, cchs2007_2008_p, cchs2009_2010_p, cchs2010_p, cchs2011_2012_p, cchs2012_p, cchs2013_2014_p, cchs2014_p","cchs2001_p::EDUADR04, cchs2003_p::EDUCDR04, cchs2005_p::EDUEDR04, [EDUDR04]",
FINF1,Food insecurity 12M,Some food insecurity in past 12 months,Sociodemographics,Food security,Categorical,N/A,"cchs2001_p, cchs2003_p","cchs2001_p::FINAF1, cchs2003_p::FINCF1",
FLU_160,Ever had a flu shot,Have you ever had a flu shot?,Health care use,Vaccination,Categorical,N/A,"cchs2001_p, cchs2003_p, cchs2005_p, cchs2007_2008_p, cchs2009_2010_p, cchs2010_p, cchs2011_2012_p, cchs2012_p, cchs2013_2014_p, cchs2014_p","cchs2001_p::FLUA_160, cchs2003_p::FLUC_160, cchs2005_p::FLUE_160, [FLU_160]",
FLU_162,Last time had flu shot,When did you have your last flu shot?,Health care use,Vaccination,Categorical,N/A,"cchs2001_p, cchs2003_p, cchs2005_p, cchs2007_2008_p, cchs2009_2010_p, cchs2010_p, cchs2011_2012_p, cchs2012_p, cchs2013_2014_p, cchs2014_p","cchs2001_p::FLUA_162, cchs2003_p::FLUC_162, cchs2005_p::FLUE_162, [FLU_162]",
food_insecurity_der,Food insecurity 12M,Derived food insecurity,Sociodemographics,Food security,Categorical,N/A,"cchs2001_p, cchs2003_p, cchs2005_p, cchs2007_2008_p, cchs2009_2010_p, cchs2010_p, cchs2011_2012_p, cchs2012_p, cchs2013_2014_p, cchs2014_p","cchs2001_p::FINAF1, cchs2003_p::FINCF1, [FSCEDHFS], [FSCDHFS2]",
FSCDHFS,Food security,Household food security status - (D),Sociodemographics,Food security,Categorical,N/A,cchs2005_p,[FSCEDHFS],
FSCDHFS2,HC food security,Household food security status - (HC),Sociodemographics,Food security,Categorical,N/A,"cchs2007_2008_p, cchs2009_2010_p, cchs2010_p, cchs2011_2012_p, cchs2012_p, cchs2013_2014_p, cchs2014_p",[FSCDHFS2],
FVCDCAR,Carrot consumption,Daily consumption - carrots (D),Health behaviour,Diet,Continuous,N/A,"cchs2001_p, cchs2003_p, cchs2005_p, cchs2007_2008_p, cchs2009_2010_p, cchs2010_p, cchs2011_2012_p, cchs2012_p, cchs2013_2014_p, cchs2014_p","cchs2001_p::FVCADCAR, cchs2003_p::FVCCDCAR, cchs2005_p::FVCEDCAR, [FVCDCAR]",
FVCDFRU,Fruit consumption,Daily consumption - fruit - (D),Health behaviour,Diet,Continuous,N/A,"cchs2001_p, cchs2003_p, cchs2005_p, cchs2007_2008_p, cchs2009_2010_p, cchs2010_p, cchs2011_2012_p, cchs2012_p, cchs2013_2014_p, cchs2014_p, cchs2015_2016_p, cchs2017_2018_p","cchs2001_p::FVCADFRU, cchs2003_p::FVCCDFRU, cchs2005_p::FVCEDFRU, cchs2015_2016_p::FVCDVFRU, cchs2017_2018_p::FVCDVFRU, [FVCDFRU]",
FVCDJUI,Juice consumption,Daily consumption - fruit juice (D),Health behaviour,Diet,Continuous,N/A,"cchs2001_p, cchs2003_p, cchs2005_p, cchs2007_2008_p, cchs2009_2010_p, cchs2010_p, cchs2011_2012_p, cchs2012_p, cchs2013_2014_p, cchs2014_p, cchs2015_2016_p, cchs2017_2018_p","cchs2001_p::FVCADJUI, cchs2003_p::FVCCDJUI, cchs2005_p::FVCEDJUI, cchs2015_2016_p::FVCDVJUI, cchs2017_2018_p::FVCDVJUI, [FVCDJUI]",
FVCDPOT,Potato consumption,Daily consumption - potatoes (D),Health behaviour,Diet,Continuous,N/A,"cchs2001_p, cchs2003_p, cchs2005_p, cchs2007_2008_p, cchs2009_2010_p, cchs2010_p, cchs2011_2012_p, cchs2012_p, cchs2013_2014_p, cchs2014_p, cchs2015_2016_p, cchs2017_2018_p","cchs2001_p::FVCADPOT, cchs2003_p::FVCCDPOT, cchs2005_p::FVCEDPOT, cchs2015_2016_p::FVCDVPOT, cchs2017_2018_p::FVCDVPOT, [FVCDPOT]",
FVCDSAL,Salad consumption,Daily consumption - green salad - (D),Health behaviour,Diet,Continuous,N/A,"cchs2001_p, cchs2003_p, cchs2005_p, cchs2007_2008_p, cchs2009_2010_p, cchs2010_p, cchs2011_2012_p, cchs2012_p, cchs2013_2014_p, cchs2014_p","cchs2001_p::FVCADSAL, cchs2003_p::FVCCDSAL, cchs2005_p::FVCEDSAL, [FVCDSAL]",
FVCDTOT,Total fruit/veg consumption,Daily consumptoin - total fruits and veg. - (D),Health behaviour,Diet,Continuous,N/A,"cchs2001_p, cchs2003_p, cchs2005_p, cchs2007_2008_p, cchs2009_2010_p, cchs2010_p, cchs2011_2012_p, cchs2012_p, cchs2013_2014_p, cchs2014_p, cchs2015_2016_p, cchs2017_2018_p","cchs2001_p::FVCADTOT, cchs2003_p::FVCCDTOT, cchs2005_p::FVCEDTOT, cchs2015_2016_p::FVCDVTOT, cchs2017_2018_p::FVCDVTOT, [FVCDTOT]",
FVCDVEG,Other veg consumption,Daily consumption other vegetables - (D),Health behaviour,Diet,Continuous,N/A,"cchs2001_p, cchs2003_p, cchs2005_p, cchs2007_2008_p, cchs2009_2010_p, cchs2010_p, cchs2011_2012_p, cchs2012_p, cchs2013_2014_p, cchs2014_p, cchs2015_2016_p, cchs2017_2018_p","cchs2001_p::FVCADVEG, cchs2003_p::FVCCDVEG, cchs2005_p::FVCEDVEG, cchs2015_2016_p::FVCDVVEG, cchs2017_2018_p::FVCDVVEG, [FVCDVEG]",
GEN_01,Self-perceived health,Self-perceived health,Health status,Self-perceived health,Categorical,N/A,"cchs2001_p, cchs2003_p, cchs2005_p, cchs2007_2008_p, cchs2009_2010_p, cchs2010_p, cchs2011_2012_p, cchs2012_p, cchs2013_2014_p, cchs2014_p","cchs2001_p::GENA_01, cchs2003_p::GENC_01, cchs2005_p::GENE_01, [GEN_01]",
GEN_02A,Life satisfaction_cat,Satisfaction with life,Health status,Satisfaction with life,Categorical,N/A,"cchs2003_p, cchs2005_p, cchs2007_2008_p","cchs2003_p::GENC_02A, cchs2005_p::GENE_02A, [GEN_02A]",
GEN_02A2,Life satisfaction_cont,Satisfaction with life in general,Health status,Satisfaction with life,Continuous,N/A,"cchs2003_p, cchs2005_p, cchs2007_2008_p, cchs2009_2010_p, cchs2010_p, cchs2011_2012_p, cchs2012_p, cchs2013_2014_p, cchs2014_p","cchs2003_p::GENC_02A, cchs2005_p::GENE_02A, cchs2007_2008_p::GEN_02A, [GEN_02A2]",
GEN_02B,Self-perceived mental health,Self-perceived mental health,Health status,Mental health,Categorical,N/A,"cchs2003_p, cchs2005_p, cchs2007_2008_p, cchs2009_2010_p, cchs2010_p, cchs2011_2012_p, cchs2012_p, cchs2013_2014_p, cchs2014_p","cchs2003_p::GENC_02B, cchs2005_p::GENE_02B, [GEN_02B]",
GEN_07,Self-perceived life stress,Self-perceived life stress,Health status,Mental health,Categorical,N/A,"cchs2001_p, cchs2003_p, cchs2005_p, cchs2007_2008_p, cchs2009_2010_p, cchs2010_p, cchs2011_2012_p, cchs2012_p, cchs2013_2014_p, cchs2014_p","cchs2001_p::GENA_07, cchs2003_p::GENC_07, cchs2005_p::GENE_07, [GEN_07]",
GEN_09,Self-perceived work stress,Self-perceived work stress,Health status,Mental health,Categorical,N/A,"cchs2001_p, cchs2003_p, cchs2005_p, cchs2007_2008_p, cchs2009_2010_p, cchs2010_p, cchs2011_2012_p, cchs2012_p, cchs2013_2014_p, cchs2014_p","cchs2001_p::GENA_09, cchs2003_p::GENC_09, cchs2005_p::GENE_09, [GEN_09]",
GEN_10,Sense of belonging,Sense of belonging in the community,Health status,Mental health,Categorical,N/A,"cchs2001_p, cchs2003_p, cchs2005_p, cchs2007_2008_p, cchs2009_2010_p, cchs2010_p, cchs2011_2012_p, cchs2012_p, cchs2013_2014_p, cchs2014_p","cchs2001_p::GENA_10, cchs2003_p::GENC_10, cchs2005_p::GENE_10, [GEN_10]",
GEODPMF,Health Region - (G),Health Region - (G),Demographics,Health region,Categorical,N/A,"cchs2013_2014_p, cchs2014_p",[GEODPMF],
GEOGPRV,Province,Province of residence of respondent (G),Demographics,Province,Categorical,N/A,"cchs2001_p, cchs2003_p, cchs2005_p, cchs2007_2008_p, cchs2009_2010_p, cchs2010_p, cchs2011_2012_p, cchs2012_p, cchs2013_2014_p, cchs2014_p, cchs2015_2016_p, cchs2017_2018_p","cchs2001_p::GEOAGPRV, cchs2003_p::GEOCGPRV, cchs2005_p::GEOEGPRV, cchs2015_2016_p::GEO_PRV, cchs2017_2018_p::GEO_PRV, [GEOGPRV]",
HCU_1AA,Has regular medical doctor,Do you have a regular medical doctor?,Health care use,Medical care,Categorical,N/A,"cchs2001_p, cchs2003_p, cchs2005_p, cchs2007_2008_p, cchs2009_2010_p, cchs2010_p, cchs2011_2012_p, cchs2012_p, cchs2013_2014_p, cchs2014_p","cchs2001_p::TWDA_5, cchs2003_p::HCUC_1AA, cchs2005_p::HCUE_1AA, [HCU_1AA]",
HUIDCOG,HUI Cognition,Cognition prob. - function code - (D),Health status,Health utility index,Categorical,N/A,"cchs2001_p, cchs2003_p, cchs2005_p, cchs2007_2008_p, cchs2009_2010_p, cchs2010_p, cchs2012_p, cchs2013_2014_p, cchs2014_p","cchs2001_p::HUIADCOG, cchs2003_p::HUICDCOG, cchs2005_p::HUIEDCOG, [HUIDCOG]",
HUIDEMO,HUI Emotion,Emotional problems - function code - (D),Health status,Health utility index,Categorical,N/A,"cchs2001_p, cchs2003_p, cchs2005_p, cchs2007_2008_p, cchs2009_2010_p, cchs2010_p, cchs2012_p, cchs2013_2014_p, cchs2014_p","cchs2001_p::HUIADEMO, cchs2003_p::HUICDEMO, cchs2005_p::HUIEDEMO, [HUIDEMO]",
HUIDHSI,Overall HUI,Health Utility Index (HUI3) - (D),Health status,Health utility index,Continuous,N/A,"cchs2001_p, cchs2003_p, cchs2005_p, cchs2007_2008_p, cchs2009_2010_p, cchs2010_p, cchs2012_p, cchs2013_2014_p, cchs2014_p","cchs2001_p::HUIADHSI, cchs2003_p::HUICDHSI, cchs2005_p::HUIEDHSI, [HUIDHSI]",
HUIGDEX,HUI Dexterity,"Dexterity trouble - function code (D, G)",Health status,Health utility index,Categorical,N/A,"cchs2001_p, cchs2003_p, cchs2005_p, cchs2007_2008_p, cchs2009_2010_p, cchs2010_p, cchs2012_p, cchs2013_2014_p, cchs2014_p","cchs2001_p::HUIAGDEX, cchs2003_p::HUICGDEX, cchs2005_p::HUIEGDEX, [HUIGDEX]",
HUIGHER,HUI Hearing,"Hearing problems - function code (D, G)",Health status,Health utility index,Categorical,N/A,"cchs2001_p, cchs2003_p, cchs2005_p, cchs2007_2008_p, cchs2009_2010_p, cchs2010_p, cchs2012_p, cchs2013_2014_p, cchs2014_p","cchs2001_p::HUIAGHER, cchs2003_p::HUICGHER, cchs2005_p::HUIEGHER, [HUIGHER]",
HUIGMOB,HUI Mobility,"Mobility trouble - function code (D, G)",Health status,Health utility index,Categorical,N/A,"cchs2001_p, cchs2003_p, cchs2005_p, cchs2007_2008_p, cchs2009_2010_p, cchs2010_p, cchs2012_p, cchs2013_2014_p, cchs2014_p","cchs2001_p::HUIAGMOB, cchs2003_p::HUICGMOB, cchs2005_p::HUIEGMOB, [HUIGMOB]",
HUIGSPE,HUI Speech,"Speech trouble - function code - (D, G)",Health status,Health utility index,Categorical,N/A,"cchs2001_p, cchs2003_p, cchs2005_p, cchs2007_2008_p, cchs2009_2010_p, cchs2010_p, cchs2012_p, cchs2013_2014_p, cchs2014_p","cchs2001_p::HUIAGSPE, cchs2003_p::HUICGSPE, cchs2005_p::HUIEGSPE, [HUIGSPE]",
HUIGVIS,HUI Vision,"Vision trouble - function code - (D, G)",Health status,Health utility index,Categorical,N/A,"cchs2001_p, cchs2003_p, cchs2005_p, cchs2007_2008_p, cchs2009_2010_p, cchs2010_p, cchs2012_p, cchs2013_2014_p, cchs2014_p","cchs2001_p::HUIAGVIS, cchs2003_p::HUICGVIS, cchs2005_p::HUIEGVIS, [HUIGVIS]",
HUPDPAD,HUI Pain,Act. prevent/pain - function code - (D),Health status,Health utility index,Categorical,N/A,"cchs2001_p, cchs2003_p, cchs2005_p, cchs2007_2008_p, cchs2009_2010_p, cchs2010_p, cchs2012_p, cchs2013_2014_p, cchs2014_p","cchs2001_p::HUIADPAD, cchs2003_p::HUICDPAD, cchs2005_p::HUIEDPAD, [HUPDPAD]",
HWTGBMI,BMI,"BMI / self-report - (D,G)",Health status,BMI,Continuous,kg/m2,"cchs2001_p, cchs2003_p, cchs2005_p, cchs2007_2008_p, cchs2009_2010_p, cchs2010_p, cchs2011_2012_p, cchs2012_p, cchs2013_2014_p, cchs2014_p, cchs2015_2016_p, cchs2017_2018_p","cchs2001_p::HWTAGBMI, cchs2003_p::HWTCGBMI, cchs2005_p::HWTEGBMI, cchs2015_2016_p::HWTDGBMI, cchs2017_2018_p::HWTDGBMI, [HWTGBMI]",
HWTGBMI_der,Derived BMI,Derived Body Mass Index,Health status,BMI,Continuous,kg/m2,"cchs2001_p, cchs2003_p, cchs2005_p, cchs2007_2008_p, cchs2009_2010_p, cchs2010_p, cchs2011_2012_p, cchs2012_p, cchs2013_2014_p, cchs2014_p, cchs2015_2016_p, cchs2017_2018_p","DerivedVar::[HWTGHTM, HWTGWTK]",
HWTGHTM,Height,"Height (metres)/self-reported - (D,G)",Health status,Height,Continuous,meters,"cchs2001_p, cchs2003_p, cchs2005_p, cchs2007_2008_p, cchs2009_2010_p, cchs2010_p, cchs2011_2012_p, cchs2012_p, cchs2013_2014_p, cchs2014_p, cchs2015_2016_p, cchs2017_2018_p","cchs2001_p::HWTAGHT, cchs2003_p::HWTCGHT, cchs2005_p::HWTEGHTM, cchs2015_2016_p::HWTDGHTM, cchs2017_2018_p::HWTDGHTM, [HWTGHTM]",
HWTGWTK,Weight,"Weight - kilograms (D, G)",Health status,Weight,Continuous,kg,"cchs2001_p, cchs2003_p, cchs2005_p, cchs2007_2008_p, cchs2009_2010_p, cchs2010_p, cchs2011_2012_p, cchs2012_p, cchs2013_2014_p, cchs2014_p, cchs2015_2016_p, cchs2017_2018_p","cchs2001_p::HWTAGWTK, cchs2003_p::HWTCGWTK, cchs2005_p::HWTEGWTK, cchs2015:2016_p::HWTDGHTM, cchs2017_2018_p::HWTDGHTM, [HWTGWTK]",
id_year,Unique ID,Unique ID,N/A,N/A,N/A,N/A,"cchs2001_p, cchs2003_p, cchs2005_p, cchs2007_2008_p, cchs2009_2010_p, cchs2010_p, cchs2011_2012_p, cchs2012_p, cchs2013_2014_p, cchs2014_p","DerivedVar::[data_name, ADM_RNO]",
INCDRCA,Household income distribution,Household income distribution - (D),Sociodemographics,Income,Categorical,N/A,"cchs2005_p, cchs2007_2008_p, cchs2009_2010_p, cchs2010_p, cchs2011_2012_p, cchs2012_p, cchs2013_2014_p, cchs2014_p, cchs2015_2016_p, cchs2017_2018_p","cchs2005_p::INCEDRCA, cchs2015_2016_p::INCDVRCA, cchs2017_2018_p::INCDVRCA, [INCDRCA]",
INCDRPR,Household income distribution provincial level,Hhld inc. distribution-prov. level - (D),Sociodemographics,Income,Categorical,N/A,"cchs2005_p, cchs2007_2008_p, cchs2009_2010_p, cchs2010_p, cchs2011_2012_p, cchs2012_p, cchs2013_2014_p, cchs2014_p, cchs2015_2016_p, cchs2017_2018_p","cchs2005_p::INCEDRPR, cchs2015_2016_p::INCDVRPR, cchs2017_2018_p::INCDVRPR, [INCDRPR]",
INCDRRS,Household income distribution health region level,Hhld inc. distribution- hr level - (D),Sociodemographics,Income,Categorical,N/A,"cchs2005_p, cchs2007_2008_p, cchs2009_2010_p, cchs2010_p, cchs2011_2012_p, cchs2012_p, cchs2013_2014_p, cchs2014_p, cchs2015_2016_p, cchs2017_2018_p","cchs2005_p::INCEDRRS, cchs2015_2016_p::INCDVRRS, cchs2017_2018_p::INCDVRRS, [INCDRRS]",
INCGHH_A,Household income,"Total household income from all sources (D, G)",Sociodemographics,Household Characteristics,Categorical,$/year,cchs2001_p,cchs2001_p::INCAGHH,
INCGHH_B,Household income,"Total household income from all sources (D, G)",Sociodemographics,Household Characteristics,Categorical,$/year,"cchs2003_p, cchs2005_p","cchs2003_p::INCCGHH, cchs2005_p::INCEGHH",
INCGHH_C,Household income,"Total household income from all sources (D, G)",Sociodemographics,Household Characteristics,Categorical,$/year,"cchs2007_2008_p, cchs2009_2010_p, cchs2010_p, cchs2011_2012_p, cchs2012_p, cchs2013_2014_p, cchs2014_p, cchs2015_2016_p, cchs2017_2018_p","cchs2015_2016_p::INCDGHH, cchs2017_2018_p::INCDGHH, [INCGHH]",
INCGHH_cont,Household income,Total household income from all sources - continuous,Sociodemographics,Household Characteristics,Continuous,$/year,"cchs2001_p, cchs2003_p, cchs2005_p, cchs2007_2008_p, cchs2009_2010_p, cchs2010_p, cchs2011_2012_p, cchs2012_p, cchs2013_2014_p, cchs2014_p, cchs2015_2016_p, cchs2017_2018_p","cchs2001_p::INCAGHH, cchs2003_p::INCCGHH, cchs2005_p::INCEGHH, cchs2015_2016_p::INCDGHH, cchs2017_2018_p::INCDGHH, [INCGHH]",
INCGPER_A,Personal Income,"Total pers. inc. from all sources (D, G)",Sociodemographics,Income,Categorical,$/year,"cchs2001_p, cchs2003_p, cchs2005_p","cchs2001_p::INCAGPER, cchs2003_p::INCCGPER, cchs2005_p::INCEGPER",
INCGPER_B,Personal Income,"Total pers. inc. from all sources (D, G)",Sociodemographics,Income,Categorical,$/year,"cchs2007_2008_p, cchs2009_2010_p, cchs2010_p, cchs2011_2012_p, cchs2012_p, cchs2013_2014_p, cchs2014_p","cchs2015_2016_p::INCDGPER, cchs2017_2018_p::INCDGPER, [INCGPER]",
INCGPER_cont,Personal Income,"Total pers. inc. from all sources (D, G)",Sociodemographics,Income,Continuous,$/year,"cchs2001_p, cchs2003_p, cchs2005_p, cchs2007_2008_p, cchs2009_2010_p, cchs2010_p, cchs2011_2012_p, cchs2012_p, cchs2013_2014_p, cchs2014_p","cchs2001_p::INCAGPER, cchs2003_p::INCCGPER, cchs2005_p::INCEGPER, cchs2015_2016_p::INCDGPER, cchs2017_2018_p::INCDGPER, [INCGPER]",
LBFA_31A,Occupation group,Main job or business,Sociodemographics,Occupation,Categorical,N/A,cchs2001_p,[LBFA_31A],
LBFA_31A_a,Occupation group,Occupation Group,Sociodemographics,Occupation,Categorical,N/A,"cchs2001_p, cchs2007_2008_p, cchs2009_2010_p, cchs2010_p, cchs2011_2012_p, cchs2012_p, cchs2013_2014_p, cchs2014_p","cchs2001_p::LBFA_31A, [LBSGSOC]","See Norwrouzi-Kia, et al. (2019) Int J Crit Illn Inj Sci. 2019 Jan-Mar; 9(1): 29:35. doi: 10.4103/IJCIIS.IJCIIS_43_18 and Nowrouzi-Kia, B., et al. (2018). Heart Disease and Occupational Risk Factors in the Canadian Population: An Exploratory Study Using the Canadian Community Health Survey."" Safety and Health at Work 9(2): 144-148. https://doi.org/10.1016/j.shaw.2017.07.008"""
LBFA_31A_b,Occupation group,Occupation Group,Sociodemographics,Occupation,Categorical,N/A,"cchs2001_p, cchs2007_2008_p, cchs2009_2010_p, cchs2010_p, cchs2011_2012_p, cchs2012_p, cchs2013_2014_p, cchs2014_p","cchs2001_p::LBFA_31A, [LBSGSOC]","The exact same recoding as LBFA_31A_a except that the ""Other"" category in cchs2001_p was recoded to a new category ""Other"" rather than missing"
MED_1P,Sleeping pills,"In the past month, did you take sleeping pills",Health behaviour,Sleep,Categorical,N/A,"cchs2001_p, cchs2003_p, cchs2005_p, cchs2011_2012_p, cchs2012_p","cchs2001_p::DRGA_1P, cchs2003_p::MEDC_1P, cchs2005_p::MEDE_1P, [MED_1P]",
number_conditions,Number of conditions,Number of chronic conditions,Health status,Chronic condition,Categorical,N/A,"cchs2001_p, cchs2003_p, cchs2005_p, cchs2007_2008_p, cchs2009_2010_p, cchs2010_p, cchs2011_2012_p, cchs2012_p, cchs2013_2014_p, cchs2014_p","DerivedVar::[CCC_121, CCC_131, CCC_151, CCC_171, resp_condition_der, CCC_051], DerivedVar::[CCC_121, CCC_131, CCC_151, CCC_171, CCC_280, resp_condition_der, CCC_051]",
PAC_4A,Time walk work/school in week,"In a typical week in the past 3 months, how many hours did you usually spend walking to work or to school or while doing errands",Health behaviour,Exercise,Categorical,hours/week,"cchs2001_p, cchs2003_p, cchs2005_p","cchs2001_p::PACA_4A, cchs2003_p::PACC_4A, cchs2005_p::PACE_4A",
PAC_4B,Time bike work/school in week,"In a typical week in the past 3 months, how many hours did you usually spend walking to work or to school or while doing errands",Health behaviour,Exercise,Categorical,hours/week,"cchs2001_p, cchs2003_p, cchs2005_p","cchs2001_p::PACA_4B, cchs2003_p::PACC_4B, cchs2005_p::PACE_4B",
PAC_7,Walk to work/school,Walked to work or school / last 3 mo.,Health behaviour,Exercise,Categorical,N/A,"cchs2007_2008_p, cchs2009_2010_p, cchs2010_p, cchs2011_2012_p, cchs2012_p, cchs2013_2014_p, cchs2014_p",[PAC_7],
PAC_7A,Number times walk work/school,No. of times/3 mo./walking work/school,Health behaviour,Exercise,Continuous,N/A,"cchs2007_2008_p, cchs2009_2010_p, cchs2010_p, cchs2011_2012_p, cchs2012_p, cchs2013_2014_p, cchs2014_p",[PAC_7A],
PAC_7B,Time walk work/school,Time spent - walking to go work/school,Health behaviour,Exercise,Categorical,mins,"cchs2007_2008_p, cchs2009_2010_p, cchs2010_p, cchs2011_2012_p, cchs2012_p, cchs2013_2014_p, cchs2014_p",[PAC_7B],
PAC_8,Bike to work/school,Bicycled to work or school / last 3 mo.,Health behaviour,Exercise,Categorical,N/A,"cchs2007_2008_p, cchs2009_2010_p, cchs2010_p, cchs2011_2012_p, cchs2012_p, cchs2013_2014_p, cchs2014_p",[PAC_8],
PAC_8A,Number times bike work/school,No. of times/3 mo./bicycl. work/school,Health behaviour,Exercise,Continuous,times/3 mos.,"cchs2007_2008_p, cchs2009_2010_p, cchs2010_p, cchs2011_2012_p, cchs2012_p, cchs2013_2014_p, cchs2014_p",[PAC_8A],
PAC_8B,Time bike work/school,Time spent - biking to go work/school,Health behaviour,Exercise,Categorical,N/A,"cchs2007_2008_p, cchs2009_2010_p, cchs2010_p, cchs2011_2012_p, cchs2012_p, cchs2013_2014_p, cchs2014_p",[PAC_8B],
PACDEE,Physical activity,Daily energy expenditure - (D),Health behaviour,Exercise,Continuous,METS,"cchs2001_p, cchs2003_p, cchs2005_p, cchs2007_2008_p, cchs2009_2010_p, cchs2010_p, cchs2011_2012_p, cchs2012_p, cchs2013_2014_p, cchs2014_p","cchs2001_p::PACADEE, cchs2003_p::PACCDEE, cchs2005_p::PACEDEE, [PACDEE]",
pack_years_der,PackYears,Smoking pack-years,Health behaviour,Smoking,Continuous,Years,"cchs2003_p, cchs2005_p, cchs2007_2008_p, cchs2009_2010_p, cchs2010_p, cchs2011_2012_p, cchs2012_p, cchs2013_2014_p, cchs2014_p","DerivedVar::[SMKDSTY, DHHGAGE_cont, time_quit_smoking, SMKG203_cont, SMKG207_cont, SMK_204, SMK_05B, SMK_208, SMK_05C, SMKG01C_cont, SMK_01A]",
pct_time_der,Percent time in Canada,Percentage of time in Canada,Sociodemographics,Migration,Continuous,%,"cchs2001_p, cchs2003_p, cchs2005_p, cchs2007_2008_p, cchs2009_2010_p, cchs2010_p, cchs2011_2012_p, cchs2012_p, cchs2013_2014_p, cchs2014_p","DerivedVar::[DHHGAGE_cont, SDCGCBG, SDCGRES]",
RAC_1,Difficulty activities,Has difficulty with activities,Health status,ADL,Categorical,N/A,"cchs2001_p, cchs2005_p, cchs2007_2008_p, cchs2009_2010_p, cchs2010_p, cchs2011_2012_p, cchs2012_p, cchs2013_2014_p, cchs2014_p","cchs2001_p::RACA_1, cchs2003_p::RACC_1, cchs2005_p::RACE_1, [RAC_1]",
RAC_2A,Reduction activities at home,Reduction - activities at home,Health status,ADL,Categorical,N/A,"cchs2001_p, cchs2003_p, cchs2005_p, cchs2007_2008_p, cchs2009_2010_p, cchs2010_p, cchs2011_2012_p, cchs2012_p, cchs2013_2014_p, cchs2014_p","cchs2001_p::RACA_2A, cchs2003_p::RACC_2A, cchs2005_p::RACE_2A, [RAC_2A]",
RAC_2B,Reduction activities at school or work,Long-term cond. reduces act. - school or work,Health status,ADL,Categorical,N/A,cchs2001_p,cchs2001_p::RACA_2B,
RAC_2B1,Reduction activities at school,Long-term cond. reduces act. - school,Health status,ADL,Categorical,N/A,"cchs2003_p, cchs2005_p, cchs2007_2008_p, cchs2009_2010_p, cchs2010_p, cchs2011_2012_p, cchs2012_p, cchs2013_2014_p, cchs2014_p","cchs2003_p::RACC_2B1, cchs2005_p::RACE_2B1, [RAC_2B1]",
RAC_2B2,Reduction activities at work,Reduction kind/amount act. - at work,Health status,ADL,Categorical,N/A,"cchs2003_p, cchs2005_p, cchs2007_2008_p, cchs2009_2010_p, cchs2010_p, cchs2011_2012_p, cchs2012_p, cchs2013_2014_p, cchs2014_p","cchs2003_p::RACC_2B2, cchs2005_p::RACE_2B2, [RAC_2B2]",
RAC_2C,Reduction other activities,Reduction - other activities,Health status,ADL,Categorical,N/A,"cchs2001_p, cchs2003_p, cchs2005_p, cchs2007_2008_p, cchs2009_2010_p, cchs2010_p, cchs2011_2012_p, cchs2012_p, cchs2013_2014_p, cchs2014_p","cchs2001_p::RACA_2C, cchs2003_p::RACC_2C, cchs2005_p::RACE_2C, [RAC_2C]",
RACAG5,Cause health problem,Cause of Health problem,Health status,Health problems,Categorical,N/A,cchs2001_p,cchs2001_p::RACAG5,
RACDIMP,Impact health problem,Impact of health problems,Health status,Health problems,Categorical,N/A,"cchs2001_p, cchs2003_p, cchs2005_p, cchs2007_2008_p, cchs2009_2010_p, cchs2010_p, cchs2011_2012_p, cchs2012_p, cchs2013_2014_p, cchs2014_p","cchs2001_p::RACADIMP, cchs2003_p::RACCDIMP, cchs2005_p::RACEDIMP, [RACDIMP]",
RACDPAL,Particpation/activity limitation,Participation and activity limitation,Health status,ADL,Categorical,N/A,"cchs2001_p, cchs2003_p, cchs2005_p, cchs2007_2008_p, cchs2009_2010_p, cchs2010_p, cchs2011_2012_p, cchs2012_p, cchs2013_2014_p, cchs2014_p","cchs2001_p::[DerivedVar::[RAC_1, RAC_2A, RAC_2B, RAC_2C]], cchs2003_p::RACCDPAL, cchs2005_p::RACEDPAL, [RACDPAL]",
RACG5,Cause health problem,Cause of Health problem,Health status,Health problems,Categorical,N/A,"cchs2003_p, cchs2005_p, cchs2007_2008_p, cchs2009_2010_p, cchs2010_p, cchs2011_2012_p, cchs2012_p, cchs2013_2014_p, cchs2014_p","cchs2003_p::RACCG5, cchs2005_p::RACEG5, [RACG5]",
resp_condition_der,Respiratory condition,Respiratory condition,Health status,Chronic condition,Categorical,N/A,"cchs2001_p, cchs2003_p, cchs2005_p, cchs2007_2008_p, cchs2009_2010_p, cchs2010_p, cchs2011_2012_p, cchs2012_p, cchs2013_2014_p, cchs2014_p","DerivedVar::[DHHGAGE_cont, CCC_091, CCC_031], DerivedVar::[DHHGAGE_cont, CCC_91E, CCC_91F, CCC_91A, CCC_031], DerivedVar::[DHHGAGE_cont, CCC_091, CCC_91A, CCC_031]",
SDC_5A_1,Knowledge of official languages,Knowledge of official languages,Sociodemographics,Language,Categorical,N/A,"cchs2011_2012_p, cchs2012_p, cchs2013_2014_p, cchs2014_p, cchs2015_2016_p, cchs2017_2018_p","cchs2015_2016_p::SDC_025, cchs2017_2018_p::SDC_025, [SDC_5A_1]",
SDCDFOLS,First official language spoken,First official language spoken,Sociodemographics,Language,Categorical,N/A,"cchs2011_2012_p, cchs2012_p, cchs2013_2014_p, cchs2014_p, cchs2015_2016_p, cchs2017_2018_p","cchs2015_2016_p::SDCDVFLS, cchs2017_2018_p::SDCDVFLS, [SDCDFOLS]",
SDCFIMM,Immigrant status,Immigrant Status (D),Sociodemographics,Migration,Categorical,N/A,"cchs2001_p, cchs2003_p, cchs2005_p, cchs2007_2008_p, cchs2009_2010_p, cchs2010_p, cchs2011_2012_p, cchs2012_p, cchs2013_2014_p, cchs2014_p, cchs2015_2016_p, cchs2017_2018_p","cchs2001_p::SDCAFIMM, cchs2003_p::SDCCFIMM, cchs2005_p::SDCEFIMM, cchs2015_2016_p::SDCDVIMM, cchs2017_2018_p::SDCDVIMM, [SDCFIMM]",
SDCGCBG,Country of birth,Country of birth - (G),Sociodemographics,Migration,Categorical,N/A,"cchs2001_p, cchs2003_p, cchs2005_p, cchs2007_2008_p, cchs2009_2010_p, cchs2010_p, cchs2011_2012_p, cchs2012_p, cchs2013_2014_p, cchs2014_p, cchs2015_2016_p, cchs2017_2018_p","cchs2001_p::SDCAGCBG, cchs2003_p::SDCCGCBG, cchs2005_p::SDCEGCBG, cchs2011_2012_p::SDCGCB12, cchs2013_2014_p::SDCGCB13, cchs2014_p::SDCGCB13, cchs2015_2016_p::SDCDGCB, cchs2017_2018_p::SDCDGCB, [SDCGCBG]",
SDCGCGT,Ethnicity,"Cultural or racial origin - (D, G)",Sociodemographics,Ethnicity,Categorical,N/A,"cchs2001_p, cchs2003_p, cchs2005_p, cchs2007_2008_p, cchs2009_2010_p, cchs2010_p, cchs2011_2012_p, cchs2012_p, cchs2013_2014_p, cchs2014_p, cchs2015_2016_p, cchs2017_2018_p","cchs2001_p::SDCAGRAC, cchs2003_p::SDCCGRAC, cchs2005_p::SDCEGCGT, cchs2015_2016_p::SDCDGCGT, cchs2017_2018_p::SDCDGCGT, [SDCGCGT]",
SDCGLHM,Language(s) spoken at home,Language(s) spoken at home,Sociodemographics,Language,Categorical,N/A,"cchs2007_2008_p, cchs2009_2010_p, cchs2010_p, cchs2011_2012_p, cchs2012_p, cchs2013_2014_p, cchs2014_p, cchs2015_2016_p, cchs2017_2018_p","cchs2015_2016_p::SDCDGLHM, cchs2017_2018_p::SDCDGLHM, [SDCGLHM]",
SDCGLNG,Languages - can converse in,Languages - can converse in,Sociodemographics,Language,Categorical,N/A,"cchs2001_p, cchs2003_p, cchs2005_p, cchs2007_2008_p, cchs2009_2010_p, cchs2010_p","cchs2001_p::SDCAGLNG, cchs2003_p::SDCCGLNG, cchs2005_p::SDCEGLNG, [SDCGLNG]",
SDCGRES,Time in Canada,"Length/time in Canada since imm. (D, G)",Sociodemographics,Migration,Categorical,N/A,"cchs2001_p, cchs2003_p, cchs2005_p, cchs2007_2008_p, cchs2009_2010_p, cchs2010_p, cchs2011_2012_p, cchs2012_p, cchs2013_2014_p, cchs2014_p, cchs2015_2016_p, cchs2017_2018_p","cchs2001_p::SDCAGRES, cchs2003_p::SDCCGRES, cchs2005_p::SDCEGRES, cchs2015_2016_p::SDCDGRES, cchs2017_2018_p::SDCDGRES, [SDCGRES]",
SLP_02,Trouble sleeping,Freq. - trouble sleeping,Health behaviour,Sleep,Categorical,N/A,"cchs2007_2008_p, cchs2011_2012_p, cchs2012_p, cchs2013_2014_p, cchs2014_p",[SLP_02],
SLP_02_A,Trouble sleeping,Freq. - trouble sleeping,Health behaviour,Sleep,Categorical,N/A,cchs2001_p,[GENA_04],
SLP_03,Sleep refreshing,Freq. - find sleep refreshing,Health behaviour,Sleep,Categorical,N/A,"cchs2007_2008_p, cchs2011_2012_p, cchs2012_p, cchs2013_2014_p, cchs2014_p",[SLP_03],
SLP_03_A,Sleep refreshing,Freq. - find sleep refreshing,Health behaviour,Sleep,Categorical,N/A,cchs2001_p,[GENA_05],
SLP_04,Difficulty awake,Freq. - diffficult to stay awake,Health behaviour,Sleep,Categorical,N/A,"cchs2007_2008_p, cchs2011_2012_p, cchs2012_p, cchs2013_2014_p, cchs2014_p",[SLP_04],
SLP_04_A,Difficulty awake,Freq. - diffficult to stay awake,Health behaviour,Sleep,Categorical,N/A,cchs2001_p,[GENA_06],
SLPG01,Hours sleep,No./hours spent sleeping each night,Health behaviour,Sleep,Categorical,N/A,"cchs2011_2012_p, cchs2012_p, cchs2013_2014_p, cchs2014_p",[SLPG01],
SLPG01_A,Hours sleep,No./hours spent sleeping each night,Health behaviour,Sleep,Categorical,N/A,"cchs2001_p, cchs2007_2008_p","cchs2001_p::GENA_03, cchs2007_2008_p::SLP_01",
SLPG01_cont,Hours sleep,No./hours spent sleeping each night,Health behaviour,Sleep,Continuous,N/A,"cchs2001_p, cchs2007_2008_p, cchs2011_2012_p, cchs2012_p, cchs2013_2014_p, cchs2014_p","cchs2001_p::GENA_03, cchs2007_2008_p::SLP_01, [SLPG01]",
SMK_01A,s100,"In lifetime, smoked 100 or more cigarettes",Health behaviour,Smoking,Categorical,N/A,"cchs2001_p, cchs2003_p, cchs2005_p, cchs2007_2008_p, cchs2009_2010_p, cchs2010_p, cchs2011_2012_p, cchs2012_p, cchs2013_2014_p, cchs2014_p, cchs2015_2016_p, cchs2017_2018_p","cchs2001_p::SMKA_01A, cchs2003_p::SMKC_01A, cchs2005_p::SMKE_01A, cchs2015_2016_p::SMK_020, cchs2017_2018_p::SMK_020, [SMK_01A]",
SMK_05B,cigdayo,# of cigarettes smoked daily - occasional smoker,Health behaviour,Smoking,Continuous,cigarettes,"cchs2001_p, cchs2003_p, cchs2005_p, cchs2007_2008_p, cchs2009_2010_p, cchs2010_p, cchs2011_2012_p, cchs2012_p, cchs2013_2014_p, cchs2014_p, cchs2015_2016_p, cchs2017_2018_p","cchs2001_p::SMKA_05B, cchs2003_p::SMKC_05B, cchs2005_p::SMKE_05B, cchs2015_2016_p::SMK_050, cchs2017_2018_p::SMK_050, [SMK_05B]",
SMK_05C,Number of days - smoked 1 cigarette or more (occ. smoker),"In the past month, on how many days have you smoked 1 or more cigarettes?",Health behaviour,Smoking,Continuous,days,"cchs2001_p, cchs2003_p, cchs2005_p, cchs2007_2008_p, cchs2009_2010_p, cchs2010_p, cchs2011_2012_p, cchs2012_p, cchs2013_2014_p, cchs2014_p, cchs2015_2016_p, cchs2017_2018_p","cchs2001_p::SMKA_05C, cchs2003_p::SMKC_05C, cchs2005_p::SMKE_05C, cchs2015_2016_p::SMK_055, cchs2017_2018_p::SMK_055, [SMK_05C]",
SMK_05D,evd,Ever smoked cigarettes daily - occasional smoker,Health behaviour,Smoking,Categorical,N/A,"cchs2001_p, cchs2003_p, cchs2005_p, cchs2007_2008_p, cchs2009_2010_p, cchs2010_p, cchs2011_2012_p, cchs2012_p, cchs2013_2014_p, cchs2014_p, cchs2015_2016_p, cchs2017_2018_p","cchs2001_p::SMKA_05D, cchs2003_p::SMKC_05D, cchs2005_p::SMKE_05D, cchs2015_2016_p::SMK_030, cchs2017_2018_p::SMK_030, [SMK_05D]",
SMK_06A_A,stpn,When did you stop smoking daily - never daily,Health behaviour,Smoking,Categorical,Years,cchs2001_p,cchs2001_p::SMKA_06A,
SMK_06A_B,stpn,When did you stop smoking daily - occasional,Health behaviour,Smoking,Categorical,Years,"cchs2003_p, cchs2005_p, cchs2007_2008_p, cchs2009_2010_p, cchs2010_p, cchs2011_2012_p, cchs2012_p, cchs2013_2014_p, cchs2014_p, cchs2015_2016_p, cchs2017_2018_p","cchs2003_p::SMKC_06A, cchs2005_p::SMKE_06A, cchs2015_2016_p::SMK_100, cchs2017_2018_p::SMK_100, [SMK_06A]",
SMK_06A_cont,stpn,When did you stop smoking daily - occasional,Health behaviour,Smoking,Continuous,Years,"cchs2001_p, cchs2003_p, cchs2005_p, cchs2007_2008_p, cchs2009_2010_p, cchs2010_p, cchs2011_2012_p, cchs2012_p, cchs2013_2014_p, cchs2014_p, cchs2015_2016_p, cchs2017_2018_p","cchs2001_p::SMKA_06A, cchs2003_p::SMKC_06A, cchs2005_p::SMKE_06A, cchs2015_2016_p::SMK_100, cchs2017_2018_p::SMK_100, [SMK_06A]",
SMK_09A_A,stpd,When did you stop smoking daily - former daily,Health behaviour,Smoking,Categorical,Years,cchs2001_p,cchs2001_p::SMKA_09A,
SMK_09A_B,stpd,When did you stop smoking daily - former daily,Health behaviour,Smoking,Categorical,Years,"cchs2003_p, cchs2005_p, cchs2007_2008_p, cchs2009_2010_p, cchs2010_p, cchs2011_2012_p, cchs2012_p, cchs2013_2014_p, cchs2014_p, cchs2015_2016_p, cchs2017_2018_p","cchs2003_p::SMKC_09A, cchs2005_p::SMKE_09A, cchs2015_2016_p::SMK_080, cchs2017_2018_p::SMK_080, [SMK_09A]",
SMK_09A_cont,stpd,When did you stop smoking daily - former daily,Health behaviour,Smoking,Continuous,Years,"cchs2001_p, cchs2003_p, cchs2005_p, cchs2007_2008_p, cchs2009_2010_p, cchs2010_p, cchs2011_2012_p, cchs2012_p, cchs2013_2014_p, cchs2014_p, cchs2015_2016_p, cchs2017_2018_p","cchs2001_p::SMKA_09A, cchs2003_p::SMKC_09A, cchs2005_p::SMKE_09A, cchs2015_2016_p::SMK_080, cchs2017_2018_p::SMK_080, [SMK_09A]",
SMK_204,cigdayd,# of cigarettes smoked daily - daily smoker,Health behaviour,Smoking,Continuous,cigarettes,"cchs2001_p, cchs2003_p, cchs2005_p, cchs2007_2008_p, cchs2009_2010_p, cchs2010_p, cchs2011_2012_p, cchs2012_p, cchs2013_2014_p, cchs2014_p, cchs2015_2016_p, cchs2017_2018_p","cchs2001_p::SMKA_204, cchs2003_p::SMKC_204, cchs2005_p::SMKE_204, cchs2015_2016_p::SMK_045, cchs2017_2018_p::SMK_045, [SMK_204]",
SMK_208,# of cigarettes smoke each day - former daily,# of cigarettes smoked each day - former daily smoker,Health behaviour,Smoking,Continuous,cigarettes,"cchs2001_p, cchs2003_p, cchs2005_p, cchs2007_2008_p, cchs2009_2010_p, cchs2010_p, cchs2011_2012_p, cchs2012_p, cchs2013_2014_p, cchs2014_p","cchs2001_p::SMKA_208, cchs2003_p::SMKC_208, cchs2005_p::SMKE_208, [SMK_208]",
SMKDSTY_A,Smoking status,"Type of smoker: daily, occasional, always occasional, former daily, former occasional, never",Health behaviour,Smoking,Categorical,N/A,"cchs2001_p, cchs2003_p, cchs2005_p, cchs2007_2008_p, cchs2009_2010_p, cchs2010_p, cchs2011_2012_p, cchs2012_p, cchs2013_2014_p, cchs2014_p","cchs2001_p::SMKADSTY, cchs2003_p::SMKCDSTY, cchs2005_p::SMKEDSTY, [SMKDSTY]","2015 onwards for smoke status still has 6 categories, but removed 'always occasional' (Never daily current occasional smoker) and added 'experimental' (at least 1 cig, non-smoker now)"
SMKDSTY_cat3,Smoking status,"Type of smoker: current, former, never",Health behaviour,Smoking,Categorical,N/A,"cchs2001_p, cchs2003_p, cchs2005_p, cchs2007_2008_p, cchs2009_2010_p, cchs2010_p, cchs2011_2012_p, cchs2012_p, cchs2013_2014_p, cchs2014_p, cchs2015_2016_p, cchs2017_2018_p","cchs2001_p::SMKADSTY, cchs2003_p::SMKCDSTY, cchs2005_p::SMKEDSTY, cchs2015_2016_p::SMKDVSTY, cchs2017_2018_p::SMKDVSTY, [SMKDSTY]",Re-categorization of SMKDSTY to be used for smoking imputation
SMKDSTY_B,Smoking status,"Type of smoker: daily, occasional, former daily, former occasional, experimental, never",Health behaviour,Smoking,Categorical,N/A,"cchs2015_2016_p, cchs2017_2018_p","cchs2015_2016_p::SMKDVSTY, cchs2017_2018_p::SMKDVSTY",
SMKDSTY_cat5,Smoking status,"Type of smoker: daily, occasional, former daily, former occasional, never",Health behaviour,Smoking,Categorical,N/A,"cchs2001_p, cchs2003_p, cchs2005_p, cchs2007_2008_p, cchs2009_2010_p, cchs2010_p, cchs2011_2012_p, cchs2012_p, cchs2013_2014_p, cchs2014_p, cchs2015_2016_p, cchs2017_2018_p","cchs2001_p::SMKADSTY, cchs2003_p::SMKCDSTY, cchs2005_p::SMKEDSTY, cchs2015_2016_p::SMKDVSTY, cchs2017_2018_p::SMKDVSTY, [SMKDSTY]","Re-categorization of SMKDSTY to be used for smoking imputation. SMKDSTY_cat5 is a 5 category variable for smoking status for cycles up to 2018. Prior to 2015, 'occasional' and 'always occasional' are combined to form the current 'occasional' category. 2015 onwards, 'former occasional' and 'experimental' are combined to form the current 'former occasional' category"
SMKG01C_A,agec1,Age smoked first cigarette,Health behaviour,Smoking,Categorical,Years,"cchs2001_p, cchs2003_p","cchs2001_p::SMKAG01C, cchs2003_p::SMKCG01C",
SMKG01C_B,agec1,Age smoked first cigarette,Health behaviour,Smoking,Categorical,Years,"cchs2005_p, cchs2007_2008_p, cchs2009_2010_p, cchs2010_p, cchs2011_2012_p, cchs2012_p, cchs2013_2014_p, cchs2014_p, cchs2015_2016_p, cchs2017_2018_p","cchs2005_p::SMKEG01C, cchs2015_2016_p::SMKG035, cchs2017_2018_p::SMKG035, [SMKG01C]",
SMKG01C_cont,agec1,Age smoked first cigarette,Health behaviour,Smoking,Continuous,Years,"cchs2001_p, cchs2003_p, cchs2005_p, cchs2007_2008_p, cchs2009_2010_p, cchs2010_p, cchs2011_2012_p, cchs2012_p, cchs2013_2014_p, cchs2014_p, cchs2015_2016_p, cchs2017_2018_p","cchs2001_p::SMKAG01C, cchs2003_p::SMKCG01C, cchs2005_p::SMKEG01C, cchs2015_2016_p::SMKG035, cchs2017_2018_p::SMKG035, [SMKG01C]",
SMKG06C,stpny,Years since stopped smoking daily - never daily,Health behaviour,Smoking,Categorical,Years,"cchs2003_p, cchs2005_p, cchs2007_2008_p, cchs2009_2010_p, cchs2010_p, cchs2011_2012_p, cchs2012_p, cchs2013_2014_p, cchs2014_p","cchs2003_p::SMKCG06C, cchs2005_p::SMKEG06C, [SMKG06C]",
SMKG09C,stpdy,Years since stopped smoking daily - former daily,Health behaviour,Smoking,Categorical,Years,"cchs2003_p, cchs2005_p, cchs2007_2008_p, cchs2009_2010_p, cchs2010_p, cchs2011_2012_p, cchs2012_p, cchs2013_2014_p, cchs2014_p, cchs2015_2016_p, cchs2017_2018_p","cchs2003_p::SMKCG09C, cchs2005_p::SMKEG09C, cchs2015_2016_p::SMKG090, cchs2017_2018_p::SMKG090, [SMKG09C]",
SMKG203_A,agecigd,Age started to smoke daily - daily smoker (G),Health behaviour,Smoking,Categorical,Years,"cchs2001_p, cchs2003_p","cchs2001_p::SMKAG203, cchs2003_p::SMKCG203",
SMKG203_B,agecigd,Age started to smoke daily - daily smoker (G),Health behaviour,Smoking,Categorical,Years,"cchs2005_p, cchs2007_2008_p, cchs2009_2010_p, cchs2010_p, cchs2011_2012_p, cchs2012_p, cchs2013_2014_p, cchs2014_p","cchs2005_p::SMKEG203, [SMKG203]",
SMKG203_cont,agecigd,Age started to smoke daily - daily smoker (G),Health behaviour,Smoking,Continuous,Years,"cchs2001_p, cchs2003_p, cchs2005_p, cchs2007_2008_p, cchs2009_2010_p, cchs2010_p, cchs2011_2012_p, cchs2012_p, cchs2013_2014_p, cchs2014_p","cchs2001_p::SMKAG203, cchs2003_p::SMKCG203, cchs2005_p::SMKEG203, [SMKG203]",
SMKG207_A,agecigfd,Age started to smoke daily - former daily smoker,Health behaviour,Smoking,Categorical,Years,"cchs2001_p, cchs2003_p","cchs2001_p::SMKAG207, cchs2003_p::SMKCG207",
SMKG207_B,agecigfd,Age started to smoke daily - former daily smoker,Health behaviour,Smoking,Categorical,Years,"cchs2005_p, cchs2007_2008_p, cchs2009_2010_p, cchs2010_p, cchs2011_2012_p, cchs2012_p, cchs2013_2014_p, cchs2014_p","cchs2005_p::SMKEG207, [SMKG207]",
SMKG207_cont,agecigfd,Age started to smoke daily - former daily smoker,Health behaviour,Smoking,Continuous,Years,"cchs2001_p, cchs2003_p, cchs2005_p, cchs2007_2008_p, cchs2009_2010_p, cchs2010_p, cchs2011_2012_p, cchs2012_p, cchs2013_2014_p, cchs2014_p","cchs2001_p::SMKAG207, cchs2003_p::SMKCG207, cchs2005_p::SMKEG207, [SMKG207]",
smoke_simple,Simple smoking status,Simple smoking status,Health behaviour,Smoking,Categorical,N/A,"cchs2003_p, cchs2005_p, cchs2007_2008_p, cchs2009_2010_p, cchs2010_p, cchs2011_2012_p, cchs2012_p, cchs2013_2014_p, cchs2014_p","DerivedVar::[SMKDSTY, time_quit_smoking]",
time_quit_smoking,Time since quit,Time since quit smoking,Health behaviour,Smoking,Continuous,Years,"cchs2003_p, cchs2005_p, cchs2007_2008_p, cchs2009_2010_p, cchs2010_p, cchs2011_2012_p, cchs2012_p, cchs2013_2014_p, cchs2014_p","DerivedVar::[SMK_09A_B, SMKG09C]",
WTS_M,Weight,Weights,N/A,N/A,Continuous,N/A,"cchs2001_p, cchs2003_p, cchs2005_p, cchs2007_2008_p, cchs2009_2010_p, cchs2010_p, cchs2011_2012_p, cchs2012_p, cchs2013_2014_p, cchs2014_p, cchs2015_2016_p, cchs2017_2018_p","cchs2001_p::WTSAM, cchs2003_p::WTSC_M, cchs2005_p::WTSE_M, [WTS_M]",
